School,OFF Rating,DEF Rating,OVR Rating,OFF Rank,DEF Rank,OVR Rank
Rock Bridge,6.47,7.22,13.69,1,5,1
Blue Springs South,4.72,8.5,13.23,3,1,2
Grain Valley,4.44,8.26,12.7,8,2,3
Raymore-Peculiar,4.07,7.76,11.84,11,4,4
Liberty North,6.02,5.65,11.67,2,12,5
Kickapoo,4.64,6.97,11.61,4,6,6
Lafayette (Wildwood),3.39,7.97,11.36,25,3,7
Kearney,3.68,6.58,10.25,21,7,8
Ft. Zumwalt West,3.74,6.34,10.08,19,8,9
Francis Howell,4.21,5.37,9.59,9,17,10
Lee's Summit West,4.53,5.03,9.56,6,23,11
Helias Catholic,3.9,5.44,9.34,16,16,12
Centralia,3.46,5.83,9.29,23,11,13
Platte County,4.03,5.2,9.24,13,19,14
Troy Buchanan,3.88,5.31,9.18,17,18,15
Liberty,3.91,5.0,8.91,15,24,16
Mid-Buchanan,2.57,6.11,8.68,47,10,17
Park Hill,2.54,6.14,8.68,51,9,18
Hallsville,3.17,5.48,8.65,29,14,19
Jackson,4.04,4.35,8.39,12,35,20
Belton,2.88,5.45,8.33,37,15,21
Parkway West,4.5,3.83,8.33,7,54,22
Highland,3.71,4.51,8.22,20,33,23
Washington,4.53,3.61,8.15,5,61,24
Fatima,3.31,4.79,8.1,27,28,25
Blue Springs,3.86,4.09,7.96,18,47,26
Rockwood Summit,4.03,3.7,7.73,14,59,27
Ozark,3.05,4.67,7.71,33,30,28
Republic,2.5,5.1,7.6,53,20,29
Oakville,2.96,4.57,7.53,34,32,30
Westminster Christian Academy,2.52,4.97,7.5,52,25,31
St. Dominic,3.29,4.1,7.39,28,46,32
Joplin,4.15,3.16,7.3,10,67,33
Northwest (Cedar Hill),3.05,4.03,7.08,32,48,34
Carrollton,2.2,4.73,6.93,60,29,35
Marshfield,2.62,4.31,6.93,45,38,36
Lindbergh,2.61,4.23,6.85,46,43,37
Oak Grove,2.55,4.27,6.83,49,40,38
Carthage,2.56,4.27,6.83,48,41,39
Winfield,1.74,5.06,6.8,73,21,40
Chillicothe,1.61,5.04,6.65,80,22,41
Father Tolton,1.91,4.66,6.57,69,31,42
Macon,2.44,4.11,6.54,54,45,43
Elsberry,2.76,3.77,6.53,40,56,44
Neelyville,2.8,3.71,6.52,39,58,45
Chaffee,2.14,4.33,6.46,61,36,46
Timberland,1.98,4.46,6.45,67,34,47
Nixa,2.87,3.41,6.29,38,66,48
Linn,1.32,4.94,6.27,86,26,49
Lee's Summit,2.75,3.51,6.26,42,64,50
Liberty (Wentzville),2.37,3.86,6.24,55,53,51
Southern Boone,1.93,4.26,6.19,68,42,52
Parkway South,2.35,3.72,6.08,56,57,53
Eureka,2.07,4.0,6.07,63,50,54
Webb City,1.91,3.88,5.79,70,52,55
Camdenton,0.2,5.52,5.72,122,13,56
Neosho,1.35,4.32,5.67,85,37,57
Francis Howell Central,3.05,2.6,5.66,31,77,58
Smithville,3.49,2.01,5.5,22,89,59
Staley,1.9,3.61,5.5,71,62,60
Notre Dame (Cape Girardeau),0.55,4.94,5.49,106,27,61
Francis Howell North,2.64,2.82,5.47,43,74,62
Marquette,3.4,2.05,5.45,24,87,63
Odessa,2.25,3.08,5.33,59,68,64
Jefferson City,1.01,4.2,5.21,92,44,65
Iberia,1.7,3.45,5.15,75,65,66
Hillsboro,1.29,3.62,4.92,89,60,67
Cor Jesu Academy,3.35,1.52,4.87,26,103,68
Lawson,2.28,2.51,4.78,58,79,69
North Callaway,2.04,2.66,4.7,65,76,70
Nevada,0.41,4.29,4.7,113,39,71
Festus,0.75,3.93,4.68,99,51,72
Union,2.75,1.84,4.59,41,96,73
Bolivar,3.14,1.37,4.51,30,110,74
Excelsior Springs,2.55,1.9,4.45,50,93,75
Cassville,0.41,4.0,4.41,114,49,76
Pleasant Hill,2.05,2.31,4.36,64,83,77
Holden,1.37,2.98,4.35,84,71,78
Mexico,1.3,2.99,4.29,88,70,79
Blair Oaks,0.35,3.79,4.15,117,55,80
Capital City,2.02,1.98,4.0,66,90,81
Savannah,1.63,2.35,3.98,78,81,82
Seckman,2.88,1.03,3.91,36,117,83
Fulton,1.7,2.21,3.91,76,84,84
Hickman,2.29,1.31,3.61,57,112,85
Louisiana,1.63,1.97,3.6,77,92,86
Park Hill South,2.07,1.41,3.49,62,107,87
Fort Osage,1.32,2.16,3.47,87,85,88
Ft. Zumwalt North,2.63,0.83,3.47,44,121,89
North Platte,0.52,2.78,3.3,109,75,90
Montgomery County,0.93,2.34,3.28,93,82,91
Willard,1.74,1.41,3.15,74,108,92
Lee's Summit North,2.95,0.15,3.1,35,134,93
Carl Junction,1.62,1.46,3.08,79,105,94
McDonald County,1.6,1.48,3.07,81,104,95
Bowling Green,-0.09,3.06,2.98,136,69,96
Paris,-0.13,2.95,2.82,138,72,97
New Bloomfield,0.66,2.04,2.7,102,88,98
Clopton,-0.26,2.92,2.66,142,73,99
Northeast (Cairo),0.55,2.09,2.63,107,86,100
Monett,0.16,2.43,2.6,125,80,101
St. Elizabeth,0.71,1.81,2.53,100,98,102
Silex,0.39,1.98,2.37,115,91,103
Doniphan,0.83,1.4,2.23,97,109,104
Brookfield,0.6,1.63,2.23,104,100,105
Summit Christian Academy,-1.42,3.56,2.14,175,63,106
Marceline,1.25,0.83,2.08,90,122,107
Eugene,0.88,1.12,2.0,96,114,108
Fredericktown,0.24,1.36,1.6,121,111,109
Benton,-0.03,1.63,1.59,130,101,110
North Shelby,0.02,1.56,1.58,129,102,111
Marshall,-0.45,1.83,1.38,149,97,112
Ft. Zumwalt East,0.93,0.31,1.24,94,129,113
West Platte,0.1,1.05,1.15,127,116,114
New Franklin,-1.38,2.51,1.13,173,78,115
Incarnate Word Academy,-0.81,1.85,1.04,159,95,116
Branson,0.89,0.09,0.98,95,135,117
St. Charles,0.32,0.6,0.92,119,124,118
Glendale,0.65,0.24,0.89,103,133,119
Windsor (Imperial),0.43,0.37,0.8,112,127,120
Van-Far,0.2,0.58,0.77,123,125,121
Battle,-0.12,0.86,0.74,137,120,122
Fox,-1.2,1.89,0.68,165,94,123
North County,-0.49,1.16,0.66,150,113,124
St. Joseph's Academy,0.3,0.33,0.63,120,128,125
Central (St. Joseph),1.88,-1.45,0.43,72,168,126
Jamestown,-1.38,1.74,0.35,174,99,127
Parkway Central,0.76,-0.42,0.35,98,151,128
Kirksville,0.56,-0.26,0.3,105,146,129
Ritenour,0.34,-0.08,0.26,118,142,130
North Point,0.18,0.08,0.26,124,136,131
Webster Groves,-0.26,0.51,0.25,144,126,132
Lutheran South,-0.83,1.07,0.24,160,115,133
Trenton,-0.77,0.87,0.1,157,118,134
Community,0.39,-0.37,0.02,116,149,135
Oak Park,1.47,-1.46,0.01,82,169,136
Lafayette (St. Joseph),-0.17,0.08,-0.08,139,137,137
Monroe City,-0.06,-0.05,-0.11,132,141,138
South Shelby,1.22,-1.4,-0.18,91,166,139
Plattsburg,1.42,-1.79,-0.36,83,178,140
Fayette,-0.24,-0.12,-0.36,141,143,141
Gallatin,-1.25,0.86,-0.39,168,119,142
Farmington,-0.08,-0.31,-0.4,134,147,143
Norwood,-2.16,1.45,-0.71,194,106,144
Rolla,-0.34,-0.51,-0.84,146,152,145
DeSoto,-1.23,0.26,-0.97,166,131,146
Canton,-1.32,0.3,-1.01,172,130,147
Russellville,0.09,-1.13,-1.04,128,160,148
Parkway North,-1.31,0.25,-1.06,171,132,149
Warrenton,0.53,-1.63,-1.1,108,171,150
Hartville,-0.88,-0.32,-1.2,161,148,151
Mark Twain,0.49,-1.7,-1.21,110,176,152
California,-0.68,-0.61,-1.29,154,154,153
Marion C. Early,-0.79,-0.57,-1.37,158,153,154
New Covenant Academy,-1.52,0.0,-1.51,178,139,155
Schuyler County,-0.09,-1.43,-1.52,135,167,156
Halfway,-1.27,-0.24,-1.52,170,145,157
Wright City,-0.31,-1.37,-1.68,145,165,158
La Plata,-0.38,-1.32,-1.71,148,164,159
Logan-Rogersville,-0.05,-1.66,-1.72,131,175,160
Kirkwood,-0.72,-1.03,-1.75,155,158,161
Warrensburg,0.47,-2.25,-1.78,111,188,162
Kelly,-1.43,-0.39,-1.83,176,150,163
St. Michael the Archangel,-0.98,-0.88,-1.86,162,156,164
Albany,-1.95,-0.0,-1.95,186,140,165
Hazelwood West,-2.78,0.82,-1.96,213,123,166
Boonville,-1.96,-0.18,-2.13,188,144,167
Valley Park,-0.06,-2.4,-2.46,133,191,168
Poplar Bluff,-0.26,-2.21,-2.47,143,186,169
Knob Noster,-2.53,0.06,-2.48,204,138,170
Clark County,-0.61,-2.22,-2.83,153,187,171
Moberly,-1.71,-1.16,-2.87,183,162,172
East Carter,-0.34,-2.56,-2.9,147,193,173
Milan,-1.25,-1.65,-2.91,169,174,174
Putnam County,-1.81,-1.14,-2.96,184,161,175
Northeast Nodaway,-2.58,-0.61,-3.19,207,155,176
Notre Dame (St. Louis),-0.58,-2.84,-3.42,152,196,177
Walnut Grove,-2.4,-1.05,-3.45,198,159,178
Hermann,-1.91,-1.63,-3.54,185,173,179
Slater,-1.64,-1.98,-3.62,181,182,180
Harrisburg,-1.56,-2.18,-3.74,179,185,181
Glasgow,-2.15,-1.63,-3.78,193,172,182
Seneca,-2.03,-1.75,-3.78,191,177,183
Harrisonville,-0.76,-3.06,-3.82,156,201,184
Orchard Farm,0.11,-4.13,-4.02,126,215,185
Lathrop,-1.09,-2.93,-4.02,163,197,186
Winnetonka,-3.1,-1.0,-4.09,218,157,187
Penney,-2.33,-1.83,-4.16,196,180,188
Westran,-2.07,-2.18,-4.25,192,184,189
Osage,-2.55,-1.8,-4.35,205,179,190
Cameron,-2.42,-1.94,-4.36,200,181,191
St. Teresa's Academy,0.67,-5.03,-4.36,101,229,192
Princeton,-3.23,-1.16,-4.39,221,163,193
Maryville,-2.43,-1.98,-4.41,201,183,194
Owensville,-2.03,-2.39,-4.42,190,190,195
Stanberry,-1.23,-3.46,-4.7,167,203,196
Polo,-3.3,-1.47,-4.77,223,170,197
Waynesville,-2.42,-2.37,-4.78,199,189,198
Ft. Zumwalt South,-0.22,-4.77,-4.99,140,225,199
Sherwood,-2.46,-2.7,-5.16,202,195,200
Hillcrest,-2.76,-2.48,-5.24,212,192,201
Lebanon,-1.64,-3.72,-5.36,182,208,202
Clinton,-2.83,-2.99,-5.82,216,198,203
North Andrew,-2.88,-3.06,-5.94,217,200,204
Worth County,-1.95,-4.05,-6.0,187,213,205
Dixon,-1.46,-4.59,-6.05,177,223,206
Lafayette County,-2.58,-3.55,-6.14,208,205,207
St. Pius X (Festus),-1.19,-5.15,-6.34,164,230,208
Hannibal,-2.25,-4.1,-6.35,195,214,209
Palmyra,-2.79,-3.6,-6.39,214,207,210
Aurora,-0.51,-5.89,-6.41,151,238,211
Richland,-2.66,-3.92,-6.58,209,211,212
Pacific,-2.5,-4.14,-6.64,203,216,213
Wheatland,-2.8,-3.99,-6.79,215,212,214
William Chrisman,-3.24,-3.74,-6.98,222,209,215
Van Buren,-4.47,-2.59,-7.05,240,194,216
Holt,-1.59,-5.66,-7.24,180,234,217
Perryville,-3.1,-4.19,-7.3,219,217,218
Jefferson (Festus),-2.02,-5.32,-7.34,189,232,219
Raytown,-2.73,-4.71,-7.44,211,224,220
Higbee,-4.0,-3.5,-7.5,232,204,221
Eldon,-3.22,-4.49,-7.72,220,221,222
Knox County,-2.33,-5.39,-7.72,197,233,223
Brashear,-4.4,-3.38,-7.79,239,202,224
DeKalb,-3.52,-4.35,-7.87,227,218,225
Scotland County,-3.33,-4.79,-8.13,224,226,226
West Plains,-3.91,-4.37,-8.28,230,219,227
Mehlville,-4.85,-3.57,-8.42,247,206,228
Ladue Horton Watkins,-5.42,-3.02,-8.44,257,199,229
Central (Cape Girardeau),-4.04,-4.42,-8.46,233,220,230
Ursuline Academy,-4.71,-3.77,-8.48,244,210,231
St. Pius X (Kansas City),-4.08,-4.87,-8.95,235,227,232
St. Clair,-3.79,-5.27,-9.06,228,231,233
Notre Dame de Sion,-3.35,-5.88,-9.23,225,237,234
Pilot Grove,-4.84,-4.55,-9.39,245,222,235
North Kansas City,-4.86,-4.92,-9.78,248,228,236
Green City,-3.48,-6.32,-9.8,226,240,237
Tri-County,-2.55,-7.61,-10.17,206,251,238
Weaubleau,-4.55,-5.71,-10.26,241,235,239
Macks Creek,-4.84,-5.79,-10.64,246,236,240
Clayton,-4.19,-6.8,-10.99,236,243,241
Marion County,-3.93,-7.2,-11.14,231,246,242
Madison,-4.2,-7.44,-11.63,238,250,243
Sikeston,-5.52,-6.31,-11.84,258,239,244
Lexington,-4.88,-7.26,-12.13,249,247,245
Atlanta,-4.2,-7.96,-12.15,237,254,246
Maplewood-Richmond Hts.,-4.58,-7.71,-12.29,243,252,247
Fair Play,-5.75,-6.59,-12.34,260,241,248
North Harrison,-5.23,-7.17,-12.4,255,245,249
Meadville,-5.21,-7.34,-12.54,254,248,250
Maysville,-5.42,-7.36,-12.77,256,249,251
Pattonville,-2.66,-10.17,-12.83,210,260,252
Novinger,-4.57,-8.45,-13.02,242,255,253
Crocker,-4.05,-9.05,-13.11,234,256,254
Raytown South,-5.58,-7.82,-13.4,259,253,255
Bevier,-7.01,-6.64,-13.65,266,242,256
St. James,-3.82,-10.57,-14.39,229,262,257
Tuscumbia,-7.54,-7.0,-14.55,268,244,258
Mercer,-5.13,-10.05,-15.19,253,259,259
East Buchanan,-6.64,-9.44,-16.08,262,257,260
Nerinx Hall,-6.94,-9.58,-16.52,265,258,261
Lincoln College Prep,-5.12,-11.91,-17.03,252,266,262
Bishop LeBlond,-4.93,-12.9,-17.83,250,269,263
Hermitage,-7.36,-10.66,-18.02,267,263,264
University City,-5.0,-13.67,-18.67,251,273,265
Naylor,-8.28,-10.46,-18.74,271,261,266
Cuba,-6.94,-11.91,-18.84,264,265,267
Humansville,-6.24,-13.49,-19.73,261,271,268
Richmond,-6.66,-13.38,-20.04,263,270,269
McCluer,-9.11,-11.88,-20.98,274,264,270
Wellsville-Middletown,-7.69,-13.66,-21.35,270,272,271
Parkview,-9.0,-12.42,-21.42,273,267,272
STEAM Academy,-7.6,-14.39,-21.99,269,276,273
Affton,-9.69,-12.42,-22.11,276,268,274
Ruskin,-8.68,-14.2,-22.87,272,274,275
Laquey,-11.03,-14.25,-25.27,278,275,276
Climax Springs,-12.15,-14.53,-26.68,281,277,277
Hazelwood Central,-9.48,-17.9,-27.38,275,280,278
Linn County,-11.37,-16.41,-27.78,279,278,279
Newburg,-10.73,-19.35,-30.08,277,281,280
Normandy Collaborative,-14.86,-17.58,-32.44,283,279,281
Jennings,-11.39,-21.14,-32.53,280,282,282
Hancock,-13.34,-21.91,-35.25,282,283,283
